cycle_index,discharge_capacity,charge_capacity,discharge_energy,charge_energy,dc_internal_resistance,temperature_maximum,temperature_average,temperature_minimum,date_time_iso,energy_efficiency,charge_throughput,energy_throughput,charge_duration,time_temperature_integrated,paused
0,1.9547251,1.4437671,6.1877303,4.7638006,0.029466843232512002,31.62395668029785,29.073251724243164,21.346609115600586,2017-07-01T03:48:16+00:00,1.298906234656421,1.443767070770263,4.763800621032715,33152.0,37635.771097819015,0
1,1.0680572,1.0675609,3.2539806000000002,3.7432043999999998,0.017542101442813002,31.48712730407715,30.363544464111328,28.99968910217285,2017-07-02T01:23:12+00:00,0.86930347698886,2.511327981948852,8.507004737854004,512.0,1807.8497639973962,0
2,1.0700541000000001,1.0698104,3.243941999999999,3.7450346999999997,0.017505453899502,31.661930084228516,29.160560607910156,26.734909057617188,2017-07-02T02:22:56+00:00,0.8661981156009041,3.581138372421264,12.252039909362793,640.0,1732.2356363932292,0
3,1.071909499999999,1.071287,3.2632849,3.7549067000000003,0.017570901662111,31.111682891845703,29.711383819580078,28.08698844909668,2017-07-02T03:22:40+00:00,0.869072166293772,4.652425289154053,16.006946563720703,640.0,1774.0189493815105,0
4,1.072965,1.0726261,3.2699611,3.7543786,0.017263488844037,31.539033889770508,30.235231399536133,28.464998245239258,2017-07-02T04:22:24+00:00,0.8709726557678541,5.725051403045654,19.76132583618164,640.0,1803.0276326497396,0
5,1.0719097,1.0714829,3.2543581,3.7499785,0.017489189282059,31.414228439331055,29.481769561767578,27.695205688476562,2017-07-02T05:22:08+00:00,0.867833802247132,6.796534538269043,23.511302947998047,640.0,1809.947627766927,0
6,1.0732948,1.0729553,3.266793,3.7575262,0.017163872718811,31.64626693725586,30.155729293823242,28.78098487854004,2017-07-02T06:24:00+00:00,0.8693999259406361,7.869489669799805,27.268829345703125,512.0,1797.8895304361977,0
7,1.0735837,1.0728406,3.2702579,3.7544904,0.017006201669573,31.585262298583984,30.34716796875,28.94930076599121,2017-07-02T07:23:44+00:00,0.8710257722326311,8.942330360412598,31.023319244384766,512.0,1811.140645345052,0
8,1.0720392,1.070808499999999,3.252535799999999,3.7480693,0.017519319429993,30.755775451660156,29.09328269958496,27.254005432128906,2017-07-02T08:23:28+00:00,0.8677896644013491,10.013138771057129,34.77138900756836,640.0,1725.4640584309896,0
9,1.073211199999999,1.072971699999999,3.2651787,3.7574517999999992,0.017022503539919,31.25735855102539,29.952228546142578,28.6340389251709,2017-07-02T09:23:12+00:00,0.868987514357469,11.08611011505127,38.52884292602539,640.0,1786.0638834635417,0
10,1.0733572,1.0730203,3.2676799,3.7546741999999993,0.016943972557783002,31.303813934326172,30.023263931274414,27.823720932006836,2017-07-02T10:22:56+00:00,0.870296522665002,12.159131050109863,42.28351593017578,640.0,1790.5964843749998,0
11,1.0720562,1.0717062,3.2531836,3.7573364,0.017272902652621002,31.48063087463379,29.017101287841797,27.259531021118164,2017-07-02T11:22:40+00:00,0.8658217560716681,13.230836868286133,46.04085159301758,640.0,1786.8056762695312,0
12,1.0730482,1.0727481,3.261291,3.7566013,0.016784677281975,31.81637191772461,29.95677947998047,28.4200382232666,2017-07-02T12:24:32+00:00,0.868149356174689,14.303585052490234,49.797454833984375,512.0,1784.318046061198,0
13,1.0730333,1.072877399999999,3.2609751,3.7564411,0.016618819907307,32.263004302978516,29.760143280029297,27.87548828125,2017-07-02T13:24:16+00:00,0.8681022843669771,15.376462936401367,53.55389404296875,640.0,1773.480594889323,0
14,1.0723603,1.0719038,3.254231,3.7578001,0.017097674310207003,31.24701499938965,29.256296157836914,27.303659439086914,2017-07-02T14:24:00+00:00,0.8659936434617691,16.448366165161133,57.31169509887695,640.0,1742.8269856770835,0
15,1.0729095,1.072531699999999,3.2606606,3.7558255,0.016726128756999,32.24819564819336,30.226768493652344,28.57719612121582,2017-07-02T15:23:44+00:00,0.8681608344157631,17.520898818969727,61.06752014160156,640.0,1798.299072265625,0
16,1.0722783,1.0721495,3.2495258,3.7541604,0.016600415110588,31.96640968322754,29.624759674072266,27.676809310913086,2017-07-02T16:23:28+00:00,0.865579904364235,18.593048095703125,64.8216781616211,640.0,1822.63828125,0
17,1.0721682,1.0718372,3.2556205,3.7580788,0.016958875581622002,32.004844665527344,29.555286407470703,27.11994743347168,2017-07-02T17:25:20+00:00,0.8662991579633721,19.664884567260742,68.57975769042969,512.0,1764.0451904296874,0
18,1.072457399999999,1.0722153,3.2589591,3.7538879,0.016608132049441,32.06288146972656,30.421775817871094,28.929227828979492,2017-07-02T18:25:04+00:00,0.8681556793424751,20.73710060119629,72.33364868164062,640.0,1814.2432006835938,0
19,1.071829999999999,1.0716516,3.2407305,3.750711,0.016583446413278,31.744211196899414,29.454505920410156,27.06569480895996,2017-07-02T19:24:48+00:00,0.8640309797262441,21.808752059936523,76.08435821533203,640.0,1752.244181315104,0
20,1.0721538,1.0716367,3.2549996,3.755487,0.016803085803985002,31.865427017211914,30.008928298950195,28.04180908203125,2017-07-02T20:24:32+00:00,0.8667316915222971,22.880388259887695,79.83984375,640.0,1788.018428548177,0
21,1.0721238,1.071749,3.2593191,3.7520549,0.0165930762887,31.791095733642578,30.45808219909668,28.96424102783203,2017-07-02T21:24:16+00:00,0.8686757488543141,23.952136993408203,83.5918960571289,640.0,1883.6830281575521,0
22,1.0706863,1.0703902,3.238630799999999,3.744796499999999,0.016778117045760002,31.183061599731445,29.528291702270508,26.974332809448242,2017-07-02T22:26:08+00:00,0.8648349249418491,25.02252769470215,87.3366928100586,512.0,1748.8102701822918,0
23,1.0712503,1.0709001,3.2496188,3.753098999999999,0.016838764771819,31.647417068481445,29.80829620361328,28.170852661132812,2017-07-02T23:25:52+00:00,0.865849475326923,26.093427658081055,91.08979797363281,640.0,1778.3060913085938,0
24,1.0715271,1.069687,3.2529244,3.7454638,0.016642378643155,31.677228927612305,30.463951110839844,29.3182315826416,2017-07-03T00:25:36+00:00,0.8684970870630221,27.163114547729492,94.83525848388672,640.0,1816.5429443359376,0
25,1.070012,1.069568,3.2334861999999998,3.7427778,0.016930906102061,31.752683639526367,29.37467384338379,27.264421463012695,2017-07-03T01:25:20+00:00,0.863926840647606,28.232683181762695,98.57803344726562,640.0,1740.925691731771,0
26,1.0710336,1.069141,3.250109,3.7454104,0.016707606613636003,31.5997314453125,30.108701705932617,28.76850128173828,2017-07-03T02:25:04+00:00,0.8677577762906831,29.301822662353516,102.32344818115234,640.0,1858.4645874023438,0
27,1.0713403,1.0708926,3.253371,3.7492733,0.016655333340168003,32.400794982910156,30.619279861450195,29.111751556396484,2017-07-03T03:26:56+00:00,0.86773375523198,30.372716903686523,106.07272338867188,512.0,1821.7543823242186,0
28,1.0695125,1.069304,3.2343144,3.7482598,0.017057172954082,31.47321128845215,29.2506103515625,28.003843307495117,2017-07-03T04:26:40+00:00,0.8628842643191381,31.442020416259766,109.82098388671875,640.0,1740.6420003255207,0
29,1.0704086,1.0702941,3.245863,3.7490661,0.016545904800295,31.994564056396484,30.447803497314453,28.96393394470215,2017-07-03T05:26:24+00:00,0.8657790802888211,32.51231384277344,113.5700454711914,640.0,1815.255224609375,0
30,1.0689889,1.0700471,3.2440896,3.7469299,0.016582202166318002,31.814205169677734,30.328327178955078,28.003355026245117,2017-07-03T06:26:08+00:00,0.8657993841838351,33.58236312866211,117.31697845458984,640.0,1806.2895019531252,0
31,1.0677648,1.0669823,3.2305987,3.743058,0.01705915108323,31.63288116455078,29.27516746520996,27.646211624145508,2017-07-03T07:25:52+00:00,0.8630907402450081,34.64934539794922,121.0600357055664,640.0,1806.5948852539063,0
32,1.069673399999999,1.0695829,3.2386196,3.747113899999999,0.016641296446323003,32.66096496582031,30.333969116210938,28.689502716064453,2017-07-03T08:27:44+00:00,0.864297079413572,35.71892547607422,124.8071517944336,512.0,1804.3058471679688,0
33,1.069556,1.0640901,3.2319055,3.7292039,0.016423750668764,32.67719268798828,29.844877243041992,27.327119827270508,2017-07-03T09:27:28+00:00,0.86664757054448,36.783016204833984,128.53634643554688,640.0,1775.2045043945313,0
34,1.0692738,1.0688775,3.233024399999999,3.7511501000000003,0.017008194699883003,32.539703369140625,29.542129516601562,27.075227737426758,2017-07-03T10:27:12+00:00,0.861875508527371,37.85189437866211,132.28750610351562,640.0,1762.8405029296873,0
35,1.0688097,1.068626399999999,3.2276609,3.7464334999999993,0.016515683382749002,32.743534088134766,30.115922927856445,27.76158905029297,2017-07-03T11:26:56+00:00,0.8615289447950961,38.9205207824707,136.033935546875,640.0,1788.8346313476563,0
36,1.068133,1.0679551,3.2158782,3.7449667,0.016470920294523,32.3480224609375,29.232316970825195,27.191139221191406,2017-07-03T12:26:40+00:00,0.8587201055753041,39.98847579956055,139.77890014648438,640.0,1798.1163736979167,0
37,1.0684201,1.0682455,3.2304664,3.748868899999999,0.016796993091702,32.37074661254883,29.84059715270996,27.151004791259766,2017-07-03T13:28:32+00:00,0.861717623681105,41.05672073364258,143.52777099609375,512.0,1781.3499186197917,0
38,1.0682353,1.0680825,3.2295001,3.7436023,0.016437977552413,32.629966735839844,30.57551383972168,28.687673568725586,2017-07-03T14:28:16+00:00,0.8626717907508491,42.12480545043945,147.27137756347656,640.0,1822.7197753906248,0
39,1.0661631,1.0671875,3.211272,3.7399507,0.016570957377552,31.942955017089844,29.61768913269043,27.35379409790039,2017-07-03T15:28:00+00:00,0.858640195444287,43.19198989868164,151.01132202148438,640.0,1764.301131184896,0
40,1.067564399999999,1.0674747,3.2282407,3.7435446,0.016723297536373,31.542530059814453,30.18967056274414,28.461576461791992,2017-07-03T16:27:44+00:00,0.8623486681579801,44.259464263916016,154.75486755371094,640.0,1866.1689900716146,0
41,1.0675573,1.0676078,3.2314479,3.7398491,0.016668085008859003,32.33833694458008,30.66234016418457,29.041610717773438,2017-07-03T17:29:36+00:00,0.864058365349553,45.32707214355469,158.49472045898438,512.0,1827.4372233072918,0
42,1.0658481,1.065633399999999,3.2071075,3.7336728999999993,0.016722988337278002,32.57931900024414,29.621307373046875,27.631690979003906,2017-07-03T18:29:20+00:00,0.8589685239968391,46.39270782470703,162.2283935546875,512.0,1754.1564208984375,0
43,1.0667715,1.066631699999999,3.222149399999999,3.7396027999999992,0.016672911122441,32.513648986816406,30.453044891357422,29.25983428955078,2017-07-03T19:29:04+00:00,0.861628780468342,47.4593391418457,165.96798706054688,640.0,1812.7974039713542,0
44,1.0667198,1.0665851999999991,3.2215292,3.7387831,0.016468677669763003,33.05328369140625,30.886381149291992,29.233692169189453,2017-07-03T20:28:48+00:00,0.8616518032297721,48.52592468261719,169.70677185058594,640.0,1837.2495035807292,0
45,1.0646503,1.0644711,3.2037086,3.7336633,0.017096668481826,31.838638305664062,29.242218017578125,27.401533126831055,2017-07-03T21:28:32+00:00,0.858060393394337,49.590396881103516,173.44044494628906,640.0,1800.5932291666666,0
46,1.0653819,1.0656902,3.214546899999999,3.7375612,0.016583574935793002,32.29557418823242,30.439172744750977,28.754613876342773,2017-07-03T22:30:24+00:00,0.8600653549164621,50.65608596801758,177.17799377441406,512.0,1814.106075032552,0
47,1.0653222,1.065369,3.2151909,3.7354496,0.016470853239297003,32.46586990356445,30.46875,28.66737174987793,2017-07-03T23:30:08+00:00,0.8607239407004711,51.72145462036133,180.9134521484375,640.0,1818.3967732747396,0
48,1.0636086,1.0634396,3.1987653,3.7338715000000002,0.017111023887991,31.958751678466797,29.1843204498291,27.322750091552734,2017-07-04T00:29:52+00:00,0.8566886407312081,52.78489303588867,184.64732360839844,640.0,1735.1655232747396,0
49,1.063465699999999,1.064512,3.2054584,3.7334619,0.016622118651866,32.406044006347656,30.39324951171875,28.974863052368164,2017-07-04T01:29:36+00:00,0.8585753613824211,53.84940719604492,188.3807830810547,640.0,1806.1455200195314,0
50,1.0632498,1.0644451,3.2011724,3.7331903,0.016491109505295,32.81686019897461,30.05074119567871,27.72463035583496,2017-07-04T02:29:20+00:00,0.857489745433014,54.91385269165039,192.1139678955078,640.0,1847.0640584309897,0
51,1.0610597,1.0633662,3.1950235,3.7346292,0.017120338976383,31.48516273498535,29.492496490478516,27.77687644958496,2017-07-04T03:31:12+00:00,0.855512911429065,55.97721862792969,195.84860229492188,640.0,1759.0944946289064,0
52,1.0641606,1.0640059,3.2074847,3.730982499999999,0.016710383817553,32.72236251831055,30.530630111694336,28.597179412841797,2017-07-04T04:30:56+00:00,0.8596890229316271,57.041221618652344,199.57958984375,640.0,1815.3409342447917,0
53,1.063796899999999,1.0637848,3.1925488,3.7315123,0.016564030200242,33.19437789916992,30.072893142700195,27.906909942626953,2017-07-04T05:30:40+00:00,0.8555643244161351,58.10500717163086,203.31109619140625,640.0,1788.047432454427,0
54,1.061738399999999,1.0626218,3.194139,3.7327464,0.017033340409398003,32.10606384277344,29.771869659423828,27.418655395507812,2017-07-04T06:30:24+00:00,0.8557074758681701,59.16762924194336,207.04383850097656,640.0,1840.129166666667,0
55,1.061694899999999,1.0626725,3.195889899999999,3.7273197,0.016652451828122,32.32699203491211,30.59099006652832,29.37613868713379,2017-07-04T07:32:16+00:00,0.857423069987798,60.23030090332031,210.7711639404297,512.0,1819.437618001302,0
56,1.0612283,1.05861,3.177139299999999,3.7131772,0.016587298363447002,32.4588508605957,29.727811813354492,27.310768127441406,2017-07-04T08:32:00+00:00,0.8556390198668671,61.28891372680664,214.48434448242188,640.0,1766.1288411458333,0
57,1.0621583,1.0583129,3.1933055,3.7167962,0.016957975924015,32.43348693847656,29.985551834106445,28.268033981323242,2017-07-04T09:31:44+00:00,0.859155393023701,62.347225189208984,218.20114135742188,640.0,1785.259171549479,0
58,1.0619836,1.0618098,3.1881871,3.7258809,0.016682730987668003,33.97221755981445,30.74598503112793,28.17236328125,2017-07-04T10:31:28+00:00,0.8556867987916631,63.409034729003906,221.92701721191406,640.0,1883.9527180989585,0
59,1.060012,1.058109899999999,3.1693892,3.715515899999999,0.016629721969366,32.36421585083008,29.24439811706543,27.180606842041016,2017-07-04T11:33:20+00:00,0.8530145706010841,64.46714782714844,225.6425323486328,512.0,1737.1296061197916,0
60,1.0607288,1.0587999,3.1876636,3.7176378,0.016885345801711003,32.2201042175293,30.150484085083008,28.824878692626953,2017-07-04T12:33:04+00:00,0.8574432936957981,65.52594757080078,229.36016845703125,640.0,1795.9695556640625,0
61,1.0593362,1.0569034,3.1853693,3.7091718,0.016689343377947002,33.025081634521484,30.68893051147461,29.293289184570312,2017-07-04T13:32:48+00:00,0.858781817547518,66.58284759521484,233.06935119628906,640.0,1824.003552246094,0
62,1.057404,1.0576382,3.1630054,3.7131426,0.017074102535843003,31.695266723632812,29.300079345703125,27.39031219482422,2017-07-04T14:32:32+00:00,0.8518405406784,67.64048767089844,236.78248596191406,640.0,1797.4751790364585,0
63,1.0582646,1.055727,3.1773069,3.7075052,0.016934011131525,31.79725456237793,30.151248931884766,28.94786262512207,2017-07-04T15:34:24+00:00,0.856993241708737,68.69621276855469,240.489990234375,512.0,1796.159822591146,0
64,1.058263999999999,1.0566783,3.1745157,3.7087258999999992,0.016780367121100002,33.25157165527344,30.562076568603516,27.291040420532227,2017-07-04T16:34:08+00:00,0.855958565177329,69.75289154052734,244.19871520996094,640.0,1812.731844075521,0
65,1.0577527,1.0540886,3.165778399999999,3.707271299999999,0.017315510660409,31.894046783447266,29.131954193115234,27.113697052001953,2017-07-04T17:33:52+00:00,0.853937611741552,70.8069839477539,247.90599060058594,640.0,1737.199845377604,0
66,1.0548215,1.0548885000000001,3.1661493999999992,3.7046208,0.016778606921434,32.34386444091797,30.64337158203125,29.12668800354004,2017-07-04T18:33:36+00:00,0.8546487133042061,71.86186981201172,251.61061096191406,640.0,1887.7156087239582,0
67,1.0519987,1.0563112,3.1589367,3.707998,0.017200160771608002,32.21908950805664,30.54084014892578,27.766483306884766,2017-07-04T19:35:28+00:00,0.8519251358819501,72.91818237304688,255.318603515625,512.0,1815.491524251302,0
68,1.0563968,1.0567458,3.1660092,3.7162492,0.017200160771608002,31.9886417388916,29.63489532470703,27.55986785888672,2017-07-04T20:35:12+00:00,0.8519367323375401,73.97492218017578,259.03485107421875,640.0,1768.3795450846355,0
69,1.0571469,1.0557985,3.1721697,3.7067657,0.016829656437039,32.72260665893555,30.75282859802246,29.380619049072266,2017-07-04T21:34:56+00:00,0.8557783136927161,75.03072357177734,262.74163818359375,640.0,1828.2841349283854,0
70,1.0570532,1.0530355,3.1570698999999998,3.697181899999999,0.01669156551361,33.128013610839844,30.295207977294922,27.51671600341797,2017-07-04T22:34:40+00:00,0.8539125164493531,76.0837631225586,266.4388122558594,640.0,1858.9099283854166,0
71,1.055885,1.0552418,3.1610179,3.712158,0.017192011699080002,32.308135986328125,29.799713134765625,27.423234939575195,2017-07-04T23:36:32+00:00,0.851531077071611,77.13899993896484,270.1509704589844,512.0,1782.1263753255207,0
72,1.0557811,1.055783699999999,3.1634943,3.7076789999999997,0.016818255186080003,32.577335357666016,30.802412033081055,29.64151382446289,2017-07-05T00:36:16+00:00,0.8532276661490921,78.19478607177734,273.858642578125,640.0,1831.7910237630208,0
73,1.0345417,1.0552627,3.0768714,3.705233299999999,0.016800286248326,32.35005187988281,29.943485260009766,27.345623016357422,2017-07-05T01:36:00+00:00,0.83041232518341,79.25004577636719,277.5638732910156,640.0,1775.9155110677084,0
74,1.043811099999999,1.054792899999999,3.122174299999999,3.709187,0.017074348405003003,32.09619903564453,30.08734703063965,27.979402542114258,2017-07-05T02:35:44+00:00,0.8417408720563291,80.30484008789062,281.2730712890625,640.0,1795.8956420898435,0
75,1.0532542,1.054520999999999,3.155328799999999,3.7034407,0.016834449023008,31.897432327270508,30.68124008178711,29.361276626586914,2017-07-05T03:35:28+00:00,0.851999277320681,81.35935974121094,284.97650146484375,640.0,1893.4640625,0
76,1.0529652,1.0530727,3.1374505,3.6970279,0.017020683735609003,31.476287841796875,29.779205322265625,27.043941497802734,2017-07-05T04:37:20+00:00,0.848641282907278,82.41243743896484,288.67352294921875,512.0,1765.4926554361978,0
77,1.0518502,1.0532224,3.146068299999999,3.702366799999999,0.017038015648722,31.5222110748291,30.21387481689453,28.662687301635742,2017-07-05T05:37:04+00:00,0.849745168414971,83.46566009521484,292.3758850097656,640.0,1804.460534667969,0
78,1.052878,1.05287,3.151947,3.6978564,0.016993205994367003,32.07149124145508,30.56116485595703,28.61072540283203,2017-07-05T06:36:48+00:00,0.8523713900842661,84.51852416992188,296.0737609863281,640.0,1820.8933186848958,0
79,1.0499744,1.0511366,3.1235805,3.6918659,0.017102705314755003,32.700401306152344,29.850704193115234,27.585407257080078,2017-07-05T07:36:32+00:00,0.846070952902162,85.56966400146484,299.765625,640.0,1762.9564249674481,0
80,1.049372399999999,1.051731,3.1355386,3.6962851999999993,0.017005482688546,32.50138854980469,30.506471633911133,29.009178161621094,2017-07-05T08:36:16+00:00,0.8482945525956711,86.62139129638672,303.4619140625,640.0,1877.4446207682292,0
81,1.050359399999999,1.0515258,3.1366005,3.6948316,0.016877470538020002,33.72534942626953,30.86473274230957,28.716739654541016,2017-07-05T09:38:08+00:00,0.8489156853589751,87.67292022705078,307.15673828125,512.0,1830.3441202799481,0
82,1.0494096,1.0494734000000001,3.1245167,3.693253299999999,0.017387332394719002,31.266563415527344,29.224336624145508,27.17397689819336,2017-07-05T10:37:52+00:00,0.846006608861623,88.72239685058594,310.8499755859375,640.0,1737.0665364583333,0
83,1.0500311,1.0500704,3.1345787,3.6918724000000003,0.017061427235603003,32.46157455444336,30.459806442260742,28.980724334716797,2017-07-05T11:37:36+00:00,0.8490484936586641,89.7724609375,314.5418701171875,640.0,1810.8687255859375,0
84,1.050092899999999,1.0427529,3.134755799999999,3.665776499999999,0.017020214349031,32.949039459228516,30.59557342529297,27.51793670654297,2017-07-05T12:37:20+00:00,0.855141004913965,90.81521606445312,318.2076416015625,640.0,1816.9175170898438,0
85,1.0484229,1.0431683,3.1220095,3.6737238999999997,0.017367780208587,32.29313659667969,29.568893432617188,27.323774337768555,2017-07-05T13:37:04+00:00,0.8498214849515501,91.85838317871094,321.8813781738281,640.0,1821.4819417317708,0
86,1.048559499999999,1.0488043,3.128907899999999,3.6881983,0.016897566616535003,32.617496490478516,30.77284812927246,28.96699333190918,2017-07-05T14:38:56+00:00,0.848356743724978,92.90718841552734,325.5695495605469,640.0,1835.2552775065105,0
87,1.0479097,1.0464919,3.1268764,3.678375499999999,0.017015239223837002,32.1004753112793,30.187240600585938,28.11479949951172,2017-07-05T15:38:40+00:00,0.8500699289672841,93.95368194580078,329.2479248046875,640.0,1799.886572265625,0
88,1.0468214,1.0452667,3.1202536,3.6804762,0.017526537179946,31.679019927978516,29.670167922973633,28.147035598754883,2017-07-05T16:38:24+00:00,0.8477852947398491,94.99894714355469,332.92840576171875,640.0,1774.1839803059897,0
89,1.0467751,1.0469124,3.1249652,3.6805418,0.017105765640735,32.22154235839844,30.6229305267334,28.532367706298828,2017-07-05T17:38:08+00:00,0.8490503218846741,96.04586029052734,336.60894775390625,640.0,1822.0761962890626,0
90,1.0467361,1.0469162,3.1079197,3.6799574,0.017137374728918003,32.915283203125,30.46567153930664,27.93817138671875,2017-07-05T18:37:52+00:00,0.844553173360104,97.0927734375,340.2889099121094,640.0,1864.0937337239584,0
91,1.045830699999999,1.040310399999999,3.114616899999999,3.6642151,0.017300851643085,32.666648864746094,30.128862380981445,27.976743698120117,2017-07-05T19:39:44+00:00,0.850009296670383,98.13308715820312,343.953125,640.0,1795.2066975911457,0
92,1.0456059,1.045785,3.1093745,3.677946299999999,0.016956258565187,33.809696197509766,30.917457580566406,28.592294692993164,2017-07-05T20:39:28+00:00,0.8454105216272461,99.17887115478516,347.6310729980469,640.0,1834.7367390950521,0
93,1.0412366,1.044028199999999,3.0823407,3.6746862,0.016844008117914002,32.92609405517578,29.567707061767578,27.134069442749023,2017-07-05T21:39:12+00:00,0.838803786837635,100.222900390625,351.3057556152344,640.0,1752.071875,0
94,1.0440401,1.0425264,3.1078987,3.6713409,0.017203506082296,32.56454086303711,30.303226470947266,28.13888168334961,2017-07-05T22:38:56+00:00,0.846529588140398,101.26542663574219,354.97711181640625,640.0,1808.6968912760417,0
95,1.042372699999999,1.0414593,3.104378,3.6641109,0.017019174993038,32.058128356933594,30.812437057495117,29.465463638305664,2017-07-05T23:38:40+00:00,0.8472390942097301,102.306884765625,358.6412048339844,640.0,1899.3413248697916,0
96,1.0415581,1.041747899999999,3.0812697,3.664736,0.017219819128513,31.503982543945312,29.720413208007812,27.43861198425293,2017-07-06T00:40:32+00:00,0.8407889954419631,103.3486328125,362.3059387207031,512.0,1756.4775431315106,0
97,1.042159,1.0422969,3.097016799999999,3.6685941,0.017126092687249,31.860206604003906,30.321876525878906,28.86768913269043,2017-07-06T01:40:16+00:00,0.8441971816942081,104.39093017578125,365.97454833984375,640.0,1807.6531290690104,0
98,1.0405481,1.042035,3.0971498,3.6660089,0.017184931784868,31.65574836730957,30.455286026000977,28.710163116455078,2017-07-06T02:40:00+00:00,0.8448287727833941,105.43296813964844,369.64056396484375,640.0,1816.709358723958,0
99,1.0400827,1.0402684,3.0807545,3.6590381,0.017640007659792,31.388914108276367,29.592241287231445,27.186925888061523,2017-07-06T03:39:44+00:00,0.841957480573924,106.47323608398438,373.2995910644531,640.0,1754.889217122396,0
100,1.038452,1.0410936,3.0878928,3.6633849,0.017292464151978,32.4334716796875,30.53040885925293,28.655603408813477,2017-07-06T04:39:28+00:00,0.8429070065774411,107.51432800292969,376.9629821777344,640.0,1816.8984049479168,0
101,1.0405895,1.0407138,3.085429399999999,3.662197799999999,0.01725379191339,33.94133377075195,30.769611358642578,27.728710174560547,2017-07-06T05:39:12+00:00,0.842507578372746,108.55503845214844,380.62518310546875,640.0,1825.2074829101562,0
102,1.0373124,1.0388792,3.0717151,3.6618570999999998,0.017626963555812003,32.32869338989258,29.494937896728516,27.2908878326416,2017-07-06T06:38:56+00:00,0.8388407892814821,109.59391784667969,384.2870178222656,640.0,1819.0134195963542,0
103,1.039028,1.0392723,3.084518,3.658236,0.017147939652204,32.10711669921875,30.647811889648438,29.377941131591797,2017-07-06T07:40:48+00:00,0.843170861584654,110.63319396972656,387.94525146484375,640.0,1824.0807657877604,0
104,1.0385395,1.0387909,3.0850499,3.6559165,0.017178017646074,31.71428108215332,30.398061752319336,28.301685333251953,2017-07-06T08:40:32+00:00,0.843851302402557,111.67198181152344,391.6011962890625,640.0,1807.7160685221354,0
105,1.0367792,1.0368793,3.0716405,3.6550070999999997,0.017729632556438002,31.593704223632812,29.496623992919922,28.019739151000977,2017-07-06T09:40:16+00:00,0.840392485147292,112.7088623046875,395.2561950683594,640.0,1759.7355061848957,0
106,1.0373596,1.0357676,3.0771585,3.6460013,0.017301492393016,32.23154830932617,30.541893005371094,28.698246002197266,2017-07-06T10:40:00+00:00,0.84398173418095,113.74462890625,398.9021911621094,640.0,1815.8689900716145,0
107,1.0368109,1.0360552,3.058948799999999,3.6473229,0.017261626198887003,32.50112533569336,30.26473617553711,27.57557487487793,2017-07-06T11:39:44+00:00,0.8386832983720741,114.78068542480469,402.54949951171875,640.0,1790.9166748046875,0
108,1.031415599999999,1.0344071,3.0517328,3.6470034,0.017642620950937,31.646291732788086,29.576892852783203,27.873046875,2017-07-06T12:39:28+00:00,0.83677816149006,115.81509399414062,406.1965026855469,640.0,1764.1667805989582,0
109,1.0355482,1.0358306,3.0695155,3.647618499999999,0.017390439286828003,31.796337127685547,30.384737014770508,28.685142517089844,2017-07-06T13:39:12+00:00,0.8415122085821201,116.85092163085938,409.8441467285156,640.0,1875.0803466796874,0
110,1.0351765,1.0334196,3.0519061,3.6382275,0.017401469871401003,32.00434494018555,30.110740661621094,27.175565719604492,2017-07-06T14:41:04+00:00,0.838844217410813,117.88434600830078,413.48236083984375,512.0,1779.338350423177,0
111,1.0321399,1.0327039,3.0545697,3.6412777999999992,0.017567887902259,32.91566467285156,30.244483947753906,28.495853424072266,2017-07-06T15:40:48+00:00,0.8388730186968981,118.91704559326172,417.1236267089844,640.0,1801.8122395833334,0
112,1.0342485,1.0346407,3.0602286,3.643422099999999,0.017087073996663,33.67707061767578,31.186256408691406,29.51961326599121,2017-07-06T16:40:32+00:00,0.8399324909403161,119.95169067382812,420.7670593261719,640.0,1849.4798787434897,0
113,1.0309865,1.0320339,3.0343909,3.6360779,0.017004376277327,33.032745361328125,29.960649490356445,27.37126922607422,2017-07-06T17:40:16+00:00,0.8345230722367081,120.98371887207031,424.40313720703125,640.0,1774.450789388021,0
114,1.032566699999999,1.0329453,3.056009999999999,3.6408885,0.017388889566063,31.839088439941406,30.43311309814453,28.68404197692871,2017-07-06T18:40:00+00:00,0.8393583049851701,122.01667022705078,428.0440368652344,640.0,1816.6417887369794,0
115,1.0322183,1.0270343,3.056745299999999,3.617255,0.017510123550891002,32.746734619140625,30.5870304107666,27.72856903076172,2017-07-06T19:39:44+00:00,0.845045566320317,123.043701171875,431.6612854003906,640.0,1817.0760213216147,0
116,1.030487999999999,1.0300722,3.0301583,3.6304594999999997,0.017402663826942,33.53605270385742,29.960094451904297,27.370973587036133,2017-07-06T20:39:28+00:00,0.834648699427717,124.07377624511719,435.291748046875,640.0,1757.119490559896,0
117,1.0308603,1.0305969,3.0444381,3.633893,0.017526006326079,32.68922424316406,30.379947662353516,28.72869110107422,2017-07-06T21:39:12+00:00,0.8377896927620041,125.1043701171875,438.9256286621094,640.0,1805.5431355794271,0
118,1.0305144,1.0290951,3.0429161,3.6267395000000002,0.017316287383437,33.5406379699707,30.915897369384766,29.274608612060547,2017-07-06T22:38:56+00:00,0.8390225159540681,126.13346862792969,442.5523681640625,640.0,1833.0275146484375,0
119,1.0284666,1.0289898,3.0282955,3.6294904,0.017899136990308002,32.08256149291992,29.447221755981445,27.576217651367188,2017-07-06T23:38:40+00:00,0.8343583165284031,127.1624526977539,446.1818542480469,640.0,1814.8020792643229,0
120,1.0289056,1.028223599999999,3.038861299999999,3.6237869,0.017462057992815,32.23076629638672,30.623729705810547,29.051589965820312,2017-07-07T00:40:32+00:00,0.8385871972769701,128.190673828125,449.8056640625,640.0,1818.1664103190105,0
121,1.0286748000000001,1.028985399999999,3.0384512,3.626142299999999,0.017520895227789,33.104331970214844,30.585617065429688,27.83196449279785,2017-07-07T01:40:16+00:00,0.8379293884853881,129.21966552734375,453.4317932128906,640.0,1809.7084920247396,0
122,1.0271215,1.0275415,3.0265844,3.6265004000000003,0.017914030700922002,32.199825286865234,29.643985748291016,27.81688117980957,2017-07-07T02:40:00+00:00,0.8345744012602341,130.24720764160156,457.05828857421875,640.0,1766.0223999023438,0
123,1.0272709,1.0277205,3.033851599999999,3.6227288,0.017455196008086,32.12627410888672,30.664045333862305,29.327491760253906,2017-07-07T03:39:44+00:00,0.8374492730452241,131.27493286132812,460.6810302734375,640.0,1821.4859212239583,0
124,1.0265713,1.0269403,3.0246091,3.6190989,0.017519455403089003,31.808324813842773,30.301837921142578,28.145313262939453,2017-07-07T04:39:28+00:00,0.835735409164972,132.30186462402344,464.30010986328125,640.0,1796.9982828776042,0
125,1.0256524,1.0260714,3.0256331,3.6213002,0.017935626208782002,31.95874786376953,29.907066345214844,28.40396499633789,2017-07-07T05:39:12+00:00,0.835510157373862,133.32794189453125,467.9214172363281,640.0,1785.9369262695313,0
126,1.0254807,1.0257969,3.0218554,3.6154552,0.017612552270293,33.351593017578125,30.713163375854492,28.05323028564453,2017-07-07T06:38:56+00:00,0.8358160267066781,134.35372924804688,471.536865234375,640.0,1813.8662760416669,0
127,1.0249501,1.0249089,3.0059998,3.615376,0.017621709033846,32.744056701660156,30.146257400512695,27.692005157470703,2017-07-07T07:38:40+00:00,0.8314487345161331,135.37864685058594,475.1522521972656,640.0,1778.9509195963542,0
128,1.024123699999999,1.0244958,3.0145767,3.6168892,0.017776701599359002,32.51189422607422,30.12033462524414,27.709291458129883,2017-07-07T08:38:24+00:00,0.8334722280129561,136.40313720703125,478.7691345214844,640.0,1792.8071451822918,0
129,1.023747,1.024001199999999,3.014899299999999,3.6111419,0.017492745071649,32.78709411621094,30.762434005737305,29.32818031311035,2017-07-07T09:38:08+00:00,0.8348880723850811,137.42713928222656,482.3802795410156,640.0,1890.4959676106769,0
130,1.0223628,1.0226296,2.9966149,3.605917,0.017434492707252003,32.315120697021484,30.0620174407959,27.891544342041016,2017-07-07T10:40:00+00:00,0.831027142333004,138.44976806640625,485.9862060546875,640.0,1713.7199707031252,0
131,1.0221159,1.0224725,3.0100653,3.608178899999999,0.017760047689080002,31.55540657043457,30.217636108398438,28.616710662841797,2017-07-07T11:37:36+00:00,0.834233940007797,139.4722442626953,489.5943908691406,640.0,1800.828865559896,0
132,1.0218383,1.022039699999999,3.0038512,3.6032379,0.017886076122522,32.036319732666016,30.406705856323242,27.238718032836914,2017-07-07T12:37:20+00:00,0.8336533094303871,140.49427795410156,493.1976318359375,640.0,1800.2518107096355,0
133,1.0206007,1.0208074,2.991090299999999,3.6004446,0.017792657017707002,32.08035659790039,30.011985778808594,28.092100143432617,2017-07-07T13:37:04+00:00,0.8307558183231031,141.5150909423828,496.7980651855469,640.0,1771.0595987955728,0
134,1.0199631,1.020391,3.0048366,3.6005759,0.017631087452173,31.95849609375,30.58782958984375,29.026412963867188,2017-07-07T14:36:48+00:00,0.8345433295823591,142.5354766845703,500.3986511230469,640.0,1819.9056477864583,0
135,1.0198349,1.0201812,2.9959412,3.5978012,0.017697282135486003,34.37749099731445,31.077856063842773,28.188949584960938,2017-07-07T15:36:32+00:00,0.8327144923960771,143.5556640625,503.9964294433594,640.0,1774.927030436198,0
136,1.0183227,1.018871699999999,2.976649499999999,3.5975513,0.017674205824732,33.34906768798828,29.835084915161133,27.391695022583008,2017-07-07T16:34:08+00:00,0.8274098829389861,144.5745391845703,507.593994140625,640.0,1750.7670084635417,0
137,1.0188911,1.019317499999999,2.9928062,3.5986366,0.01771830022335,33.24030685424805,30.687721252441406,28.730209350585938,2017-07-07T17:33:52+00:00,0.8316500198992021,145.59385681152344,511.192626953125,640.0,1881.105847167969,0
138,1.0180837,1.0184796,2.9875187999999993,3.5939419,0.017467716708779002,33.110042572021484,30.976106643676758,29.092594146728516,2017-07-07T18:35:44+00:00,0.831265191014913,146.61233520507812,514.7865600585938,640.0,1835.6798299153647,0
139,1.0164374,1.0168153,2.9726021,3.5897765,0.018168076872825,32.206459045410156,29.482763290405273,27.820133209228516,2017-07-07T19:35:28+00:00,0.8280744219034241,147.629150390625,518.3763427734375,640.0,1750.0920939127604,0
140,1.0168362,1.015470399999999,2.9848844999999997,3.5839696,0.017676193267107003,32.50907516479492,30.720884323120117,29.364213943481445,2017-07-07T20:35:12+00:00,0.8328431413034301,148.64462280273438,521.9603271484375,640.0,1822.5445556640625,0
141,1.0158768,1.0161295,2.9878805,3.5854920999999997,0.01766013354063,32.53987503051758,30.868812561035156,28.13475227355957,2017-07-07T21:34:56+00:00,0.8333250824900711,149.66075134277344,525.5458374023438,640.0,1827.495389811198,0
142,1.0147876,1.0151542,2.9666231,3.58763,0.01829170435667,32.14992141723633,29.452964782714844,27.866374969482422,2017-07-07T22:34:40+00:00,0.8269033038524031,150.6759033203125,529.1334228515625,640.0,1749.97529296875,0
143,1.0150827,1.0154021,2.9771194,3.585274899999999,0.017843224108219,32.98307418823242,30.67293930053711,29.19485092163086,2017-07-07T23:34:24+00:00,0.8303740948846071,151.69129943847656,532.7186889648438,640.0,1820.477400716146,0
144,1.0139226,1.0143775,2.9718068,3.580210899999999,0.017692558467388,32.43596649169922,30.535722732543945,27.786020278930664,2017-07-08T00:34:08+00:00,0.8300647316614781,152.70567321777344,536.2989501953125,640.0,1802.7500244140624,0
145,1.0131426,1.0118719,2.9664102000000003,3.5778995,0.018419427797198,32.31070327758789,29.556795120239258,27.76932144165039,2017-07-08T01:33:52+00:00,0.8290926561799731,153.71755981445312,539.8768310546875,640.0,1761.6995117187503,0
146,1.0133483,1.0137687,2.969707299999999,3.5796161,0.017897333949804,33.20746612548828,30.68952178955078,28.775606155395508,2017-07-08T02:33:36+00:00,0.8296161423567181,154.7313232421875,543.4564208984375,640.0,1817.5886067708334,0
147,1.0088241,1.012939,2.940937799999999,3.5771034,0.017769984900951,33.18083953857422,30.41366195678711,27.608675003051758,2017-07-08T03:33:20+00:00,0.8221562172343131,155.7442626953125,547.0335693359375,640.0,1787.971687825521,0
148,1.011917199999999,1.0124362,2.9625608999999997,3.5800638,0.018280716612935,32.64897918701172,29.93069076538086,27.521488189697266,2017-07-08T04:33:04+00:00,0.8275162302973481,156.75669860839844,550.6135864257812,768.0,1844.969278971354,0
149,1.0115931,1.0106175,2.9603634,3.5691669,0.01789091899991,33.843502044677734,30.90237808227539,28.977123260498047,2017-07-08T05:34:56+00:00,0.8294270015784351,157.76731872558594,554.1828002929688,640.0,1829.053837076823,0
150,1.009986,1.0102373,2.9366206999999998,3.5687785,0.017708022147417003,33.454864501953125,30.06964111328125,26.982515335083008,2017-07-08T06:34:40+00:00,0.822864377825634,158.77755737304688,557.7515258789062,640.0,1761.4373372395835,0
151,1.0084262,1.0101606,2.951539,3.569693799999999,0.018083428964018003,31.962369918823242,30.43244743347168,28.877079010009766,2017-07-08T07:34:24+00:00,0.826832542331782,159.78770446777344,561.3212280273438,640.0,1804.2877644856771,0
152,1.0046768,1.0099063,2.9369430999999997,3.5666921,0.018210273236036002,33.153892517089844,30.497974395751953,27.625459671020508,2017-07-08T08:34:08+00:00,0.823436118862068,160.79762268066406,564.887939453125,640.0,1805.685477701823,0
153,1.0076933,1.0081089,2.9278727,3.562363399999999,0.018042994663119,33.114986419677734,29.9407901763916,27.46345329284668,2017-07-08T09:33:52+00:00,0.821890517963439,161.80572509765625,568.4503173828125,640.0,1753.5758911132812,0
154,1.0077674,1.0082314,2.946037799999999,3.5631149,0.018087528645992,32.93284606933594,30.587862014770508,28.929779052734375,2017-07-08T10:33:36+00:00,0.8268152677310511,162.81396484375,572.013427734375,640.0,1813.8568400065105,0
155,1.0072478,1.0083252,2.9374244,3.562835899999999,0.017990784719586,34.1773567199707,30.80599021911621,27.894939422607422,2017-07-08T11:33:20+00:00,0.8244624457724811,163.82228088378906,575.5762329101562,640.0,1818.765291341146,0
156,1.006004,1.006254099999999,2.9246258999999992,3.5591497,0.018622949719429002,31.53814125061035,29.261932373046875,27.247461318969727,2017-07-08T12:33:04+00:00,0.821720395745084,164.8285369873047,579.1353759765625,768.0,1791.488663736979,0
157,1.0060148,1.0064201,2.9406228,3.556571499999999,0.018056519329547,33.1583137512207,30.78484535217285,29.19263458251953,2017-07-08T13:34:56+00:00,0.8268139133432291,165.8349609375,582.6919555664062,640.0,1826.6886759440104,0
158,1.005904699999999,1.0064021,2.933913,3.5561943,0.017921963706612,34.00497055053711,31.042818069458008,28.130067825317383,2017-07-08T14:34:40+00:00,0.8250148199157731,166.8413543701172,586.2481689453125,640.0,1833.8412109375,0
159,1.0039864,1.0046043,2.9220257,3.5537248,0.018371133133769,32.355594635009766,29.758466720581055,27.589082717895508,2017-07-08T15:34:24+00:00,0.8222431010977551,167.84596252441406,589.8018798828125,640.0,1768.8347330729166,0
160,1.0043944,1.0050476,2.930886299999999,3.5518737,0.018026962876319,32.88178253173828,30.853315353393555,29.403512954711914,2017-07-08T16:34:08+00:00,0.8251662495769481,168.85101318359375,593.353759765625,640.0,1828.757784016927,0
161,1.0040871,1.0046787,2.9309865999999998,3.5497074,0.017697816714644002,33.41007995605469,31.039608001708984,28.568378448486328,2017-07-08T17:33:52+00:00,0.825698084298441,169.85569763183594,596.9035034179688,640.0,1829.9304931640622,0
162,1.0020974,1.0027819,2.9206462,3.548219,0.018739061430096002,32.350406646728516,29.667024612426758,28.36586570739746,2017-07-08T18:33:36+00:00,0.8231301957404541,170.8584747314453,600.4517211914062,768.0,1771.0977701822917,0
163,1.0023676,1.002973599999999,2.9241159,3.544873999999999,0.018167795613408002,33.22684860229492,30.90233612060547,29.089885711669922,2017-07-08T19:33:20+00:00,0.824885708208528,171.8614501953125,603.99658203125,640.0,1830.820597330729,0
164,1.0018402,1.0023844,2.9079645,3.5432878,0.018052838742733,33.11630630493164,30.542875289916992,27.943910598754883,2017-07-08T20:33:04+00:00,0.8206966704764991,172.86383056640625,607.5398559570312,640.0,1794.521057128906,0
165,1.0010805,1.0016325,2.9179921,3.545507899999999,0.018615065142512002,32.61648941040039,30.02829933166504,27.89915657043457,2017-07-08T21:32:48+00:00,0.82301102755969,173.86546325683594,611.0853881835938,640.0,1848.715401204427,0
166,1.000379999999999,1.0010448,2.9119691999999997,3.5388078999999992,0.018298435956239003,33.836429595947266,30.848711013793945,28.586946487426758,2017-07-08T22:34:40+00:00,0.822867271207346,174.8665008544922,614.6241455078125,640.0,1822.822871907552,0
167,0.9993192,1.000063299999999,2.8902533,3.5370121,0.018080491572618002,33.474517822265625,30.241384506225586,27.07420539855957,2017-07-08T23:34:24+00:00,0.817145437529037,175.8665771484375,618.1611938476562,640.0,1765.9045450846354,0
168,0.9988484400000001,0.99920452,2.9061043,3.5373662,0.018381785601377,32.80278015136719,30.020565032958984,28.09293556213379,2017-07-09T00:34:08+00:00,0.821544656586586,176.8657684326172,621.6985473632812,640.0,1788.4246500651043,0
169,0.99843806,0.99899328,2.9026711,3.5333195,0.018381785601377,33.65102005004883,30.68917465209961,28.553537368774414,2017-07-09T01:33:52+00:00,0.821513904983684,177.86476135253906,625.2318725585938,640.0,1811.631640625,0
170,0.99679261,0.99751747,2.8811082999999993,3.5291585999999997,0.018206011503934,33.08357620239258,30.02635955810547,27.596044540405273,2017-07-09T02:33:36+00:00,0.816372576738262,178.86228942871094,628.7610473632812,640.0,1758.3326212565107,0
171,0.99724656,0.9977954,2.9003952,3.5313554,0.01834038645029,32.903961181640625,30.547386169433594,28.585317611694336,2017-07-09T03:33:20+00:00,0.82132633832324,179.86007690429688,632.2923583984375,640.0,1815.3752075195314,0
172,0.99641353,0.99705803,2.8973293,3.5268419,0.018146546557545003,33.162513732910156,30.9652042388916,29.221115112304688,2017-07-09T04:33:04+00:00,0.8215081316800731,180.8571319580078,635.8192138671875,640.0,1836.192138671875,0
173,0.99507862,0.99542993,2.8763299,3.5220857,0.018623884767293,32.19849395751953,29.766677856445312,27.417095184326172,2017-07-09T05:32:48+00:00,0.816655284679756,181.85256958007812,639.34130859375,640.0,1816.2473347981772,0
174,0.99519771,0.99570882,2.890167,3.5230927000000003,0.018393108621239003,33.38825607299805,30.910905838012695,29.18739891052246,2017-07-09T06:34:40+00:00,0.820349404941856,182.84828186035156,642.8643798828125,640.0,1828.6284993489585,0
175,0.99471825,0.99525553,2.8850126,3.5215697,0.018198665231466002,33.78264617919922,30.97802734375,28.72141456604004,2017-07-09T07:34:24+00:00,0.8192405222023571,183.84353637695312,646.385986328125,640.0,1834.8666259765625,0
176,0.99281865,0.99339348,2.8731849,3.5169172,0.018874328583478,32.73585510253906,29.587831497192383,27.695697784423828,2017-07-09T08:34:08+00:00,0.816961201133765,184.83692932128906,649.9028930664062,640.0,1761.4638224283856,0
177,0.99257553,0.9929944900000001,2.8830967,3.513195999999999,0.018329009413719,32.341644287109375,30.748300552368164,29.309921264648438,2017-07-09T09:33:52+00:00,0.82064783746765,185.82992553710938,653.4160766601562,768.0,1826.0065104166665,0
178,0.9921236600000001,0.99272466,2.8830782999999993,3.5116072,0.018451252952218,33.08820343017578,30.686559677124023,27.872509002685547,2017-07-09T10:33:36+00:00,0.8210138935812631,186.82264709472656,656.9276733398438,640.0,1755.7184366861982,0
179,0.99122465,0.99200362,2.8678483999999997,3.5142758,0.018954196944832,32.5383186340332,29.623214721679688,27.83167266845703,2017-07-09T11:31:12+00:00,0.816056724973037,187.8146514892578,660.4419555664062,768.0,1821.9096720377604,0
180,0.99103588,0.99164093,2.8719282,3.509482899999999,0.018501801416277,33.46184539794922,30.731109619140625,28.630859375,2017-07-09T12:33:04+00:00,0.818333720902301,188.80628967285156,663.9514770507812,640.0,1816.448836263021,0
181,0.9902707900000001,0.9914116900000001,2.8601213,3.5099641999999998,0.018375623971223002,32.91533279418945,30.30236053466797,28.069711685180664,2017-07-09T13:32:48+00:00,0.8148576843034461,189.79769897460938,667.46142578125,640.0,1784.015897623698,0
182,0.98911506,0.9897182600000001,2.865522399999999,3.506386799999999,0.018830420449376002,32.895416259765625,30.03799819946289,27.805774688720703,2017-07-09T14:32:32+00:00,0.8172294054951381,190.78741455078125,670.9677734375,768.0,1787.5816324869793,0
183,0.98940724,0.99009073,2.866111299999999,3.504063399999999,0.018392909318208,33.52782440185547,31.095300674438477,29.4544620513916,2017-07-09T15:32:16+00:00,0.8179393386546601,191.7775115966797,674.4718627929688,640.0,1840.6037068684896,0
184,0.98722905,0.98808211,2.8502336,3.4975004,0.018243798986077,32.58046340942383,30.42306137084961,28.250328063964844,2017-07-09T16:32:00+00:00,0.8149344600503831,192.76559448242188,677.9693603515625,768.0,1733.9147989908856,0
185,0.98694479,0.98758721,2.8540416,3.4993415,0.018822820857167,33.299041748046875,30.109329223632812,27.743404388427734,2017-07-09T17:29:36+00:00,0.81559390531047,193.753173828125,681.4686889648438,768.0,1792.010721842448,0
186,0.9868345900000001,0.98773623,2.853509899999999,3.4976456,0.018379824236035,32.94952392578125,30.762067794799805,28.52007293701172,2017-07-09T18:29:20+00:00,0.815837344984294,194.7409210205078,684.9663696289062,768.0,1886.7160522460938,0
187,0.98467171,0.98548228,2.8357546,3.4893205,0.018427595496177,31.99524688720703,29.793699264526367,27.015037536621094,2017-07-09T19:31:12+00:00,0.8126953657596081,195.7263946533203,688.4556884765625,640.0,1704.6515665690104,0
188,0.9846168200000001,0.98534447,2.8522366999999997,3.4907131,0.018734088167548003,32.81018829345703,30.479158401489258,28.56047248840332,2017-07-09T20:28:48+00:00,0.817092845585046,196.7117462158203,691.9464111328125,640.0,1753.401708984375,0
189,0.984100699999999,0.98465914,2.8522453,3.485575,0.018585188314318,33.20891189575195,31.037315368652344,29.455650329589844,2017-07-09T21:26:24+00:00,0.818299792717127,197.69639587402344,695.4319458007812,768.0,1775.7957967122395,0
190,0.98311371,0.98418343,2.828032,3.4836011,0.018553612753748002,32.32213592529297,30.28082847595215,27.3820743560791,2017-07-09T22:24:00+00:00,0.811812810599927,198.6805877685547,698.9155883789062,768.0,1779.0147420247395,0
191,0.98310405,0.98300678,2.849270299999999,3.4814041,0.018316630274057,32.63663864135742,31.164655685424805,29.084566116333008,2017-07-09T23:23:44+00:00,0.8184256174110891,199.66358947753906,702.39697265625,768.0,1847.8594360351562,0
192,0.98222518,0.98301744,2.8425615,3.4796948,0.018812397494912002,33.66811752319336,30.827909469604492,28.145721435546875,2017-07-10T00:23:28+00:00,0.816899660280551,200.6466064453125,705.8766479492188,640.0,1761.6062052408854,0
193,0.9805632200000001,0.98127466,2.8191276,3.4756496,0.018895110115408002,33.216495513916016,30.37139129638672,27.3897762298584,2017-07-10T01:21:04+00:00,0.8111081163072361,201.6278839111328,709.352294921875,640.0,1769.875061035156,0
194,0.97950625,0.98116225,2.8289877999999993,3.4761236,0.018804851919412002,33.275245666503906,30.661741256713867,29.06665802001953,2017-07-10T02:20:48+00:00,0.81383406504878,202.6090545654297,712.8284301757812,640.0,1754.6329142252607,0
195,0.9800476999999991,0.98132962,2.8333228,3.475951399999999,0.018601626157760003,33.55894088745117,31.058761596679688,29.182796478271484,2017-07-10T03:18:24+00:00,0.815121523275613,203.5903778076172,716.3043823242188,768.0,1838.6731852213543,0
196,0.97825414,0.97935581,2.810968899999999,3.4697695,0.019352771341800003,32.00274658203125,29.606372833251953,27.582477569580078,2017-07-10T04:18:08+00:00,0.810131306993159,204.56973266601562,719.774169921875,768.0,1749.582206217448,0
197,0.9785780900000001,0.97902858,2.8297741,3.4682329,0.018805228173732,33.407772064208984,30.860950469970703,29.32961654663086,2017-07-10T05:17:52+00:00,0.815912362748188,205.54876708984375,723.2423706054688,640.0,1767.9133911132812,0
198,0.97793168,0.97843534,2.8185017,3.4652922,0.018765844404697002,35.09193420410156,31.36063575744629,29.186450958251953,2017-07-10T06:15:28+00:00,0.8133518148916851,206.52719116210938,726.7077026367188,768.0,1792.504707845052,0
199,0.97628623,0.9776638200000001,2.8042376,3.4644823,0.019335024058818002,32.446475982666016,29.55486488342285,27.907514572143555,2017-07-10T07:13:04+00:00,0.8094247154906811,207.50486755371094,730.1721801757812,768.0,1815.7578491210938,0
200,0.97677386,0.9771567600000001,2.8166046,3.4623256000000002,0.018806057050824002,33.38637924194336,30.9287052154541,29.42790412902832,2017-07-10T08:14:56+00:00,0.8135007868699581,208.4820098876953,733.6344604492188,640.0,1769.20537109375,0
201,0.97582519,0.97676432,2.8147539999999998,3.460699299999999,0.018626693636178002,32.44912338256836,30.777400970458984,28.373476028442383,2017-07-10T09:12:32+00:00,0.8133483310728551,209.4587860107422,737.09521484375,768.0,1823.325187174479,0
202,0.97444153,0.9747296,2.799118,3.4566827,0.019323270767927,33.13457489013672,29.61789894104004,27.345623016357422,2017-07-10T10:12:16+00:00,0.8097700144708101,210.4335174560547,740.5518798828125,768.0,1757.9927205403646,0
203,0.9744847400000001,0.97522134,2.8007748,3.4566841,0.018785014748573,33.44181823730469,30.741958618164062,28.624713897705078,2017-07-10T11:12:00+00:00,0.8102489897760691,211.4087371826172,744.008544921875,768.0,1815.790877278646,0
204,0.972857,0.97426492,2.8017442,3.453485299999999,0.01863918825984,32.70589828491211,30.218461990356445,27.6566162109375,2017-07-10T12:11:44+00:00,0.8112801870041261,212.38299560546875,747.4620361328125,768.0,1782.1823364257812,0
205,0.97234464,0.9729161900000001,2.7965624,3.450972799999999,0.019389178603887003,32.654109954833984,29.858701705932617,28.146419525146484,2017-07-10T13:11:28+00:00,0.8103692964488151,213.3559112548828,750.9130249023438,768.0,1779.86484375,0
206,0.97130346,0.97191268,2.801526799999999,3.443201799999999,0.018819143995642003,32.93333435058594,31.105520248413086,29.292022705078125,2017-07-10T14:11:12+00:00,0.8136400253972911,214.32781982421875,754.356201171875,768.0,1776.995186360677,0
207,0.97098994,0.9724608100000001,2.7927477,3.445016399999999,0.018855547532439003,32.44507598876953,30.81534767150879,28.67255401611328,2017-07-10T15:08:48+00:00,0.810663107438327,215.30029296875,757.8012084960938,640.0,1752.4824340820314,0
208,0.97010922,0.97066569,2.7905014,3.4432378,0.019364321604371,32.563568115234375,30.037782669067383,28.194503784179688,2017-07-10T16:06:24+00:00,0.8104294742582111,216.2709503173828,761.2444458007812,768.0,1793.084094238281,0
209,0.96974486,0.97052908,2.7936218,3.4390552,0.018904147669672,32.62767791748047,30.88618278503418,28.650548934936523,2017-07-10T17:06:08+00:00,0.8123224657749021,217.24148559570312,764.6835327148438,768.0,1766.3384155273438,0
210,0.9685167100000001,0.96961504,2.7723186,3.4349246,0.019147628918290003,32.36861038208008,30.649234771728516,27.473474502563477,2017-07-10T18:03:44+00:00,0.807097366853409,218.21109008789062,768.1184692382812,768.0,1742.5784342447919,0
211,0.96794254,0.9687854100000001,2.7810857,3.4377642,0.019347934052348,33.09281921386719,30.276853561401367,27.729358673095703,2017-07-10T19:01:20+00:00,0.808980935923412,219.1798858642578,771.5562133789062,768.0,1801.1784016927083,0
212,0.9672783,0.96830297,2.7845986,3.4323885,0.018819291144609,32.478946685791016,30.987295150756836,28.463411331176758,2017-07-10T20:01:04+00:00,0.8112713930838541,220.14817810058594,774.9885864257812,640.0,1769.3988444010417,0
213,0.96603942,0.96709526,2.763688799999999,3.426343,0.019096873700618,31.699386596679688,30.348838806152344,27.016477584838867,2017-07-10T20:58:40+00:00,0.80660015649338,221.1152801513672,778.4149169921875,768.0,1733.7677408854167,0
214,0.9657847900000001,0.96616524,2.7751083,3.4282638999999993,0.019423544406890002,33.31501770019531,30.245882034301758,28.51866340637207,2017-07-10T21:56:16+00:00,0.8094791944109081,222.08145141601562,781.8432006835938,768.0,1802.367704264323,0
215,0.96516669,0.96600151,2.7702226999999997,3.4249945,0.019070263952016,33.79815673828125,31.22929573059082,29.225074768066406,2017-07-10T22:56:00+00:00,0.8088254448291811,223.04745483398438,785.2681884765625,640.0,1778.0699381510417,0
216,0.96300596,0.96451569,2.7492745,3.420730399999999,0.018761022016406,33.00823974609375,30.126121520996094,27.073453903198242,2017-07-10T23:53:36+00:00,0.8037097866584281,224.011962890625,788.6889038085938,768.0,1710.1139892578126,0
217,0.9631667700000001,0.9637471400000001,2.7657776,3.4201674,0.019209686666727,32.39790344238281,30.52195167541504,28.301427841186523,2017-07-11T00:51:12+00:00,0.8086673184476291,224.9757080078125,792.109130859375,640.0,1752.2517211914064,0
218,0.9621509300000001,0.96270752,2.7671951999999997,3.4135845,0.019076157361268,32.31028747558594,30.657310485839844,28.606975555419922,2017-07-11T01:48:48+00:00,0.8106420684766991,225.93841552734375,795.522705078125,768.0,1755.3481730143228,0
219,0.96039671,0.96186668,2.7422717,3.4103951,0.019424766302108,31.817461013793945,30.102685928344727,26.865758895874023,2017-07-11T02:46:24+00:00,0.804092083055127,226.90028381347656,798.93310546875,640.0,1648.2144083658854,0
220,0.96058929,0.96117651,2.7578096,3.4112504,0.019631233066320003,32.707584381103516,30.134380340576172,28.799482345581055,2017-07-11T03:41:52+00:00,0.808445372406552,227.86146545410156,802.3443603515625,768.0,1798.4452677408854,0
221,0.9609180700000001,0.96176326,2.7604549,3.4106452000000003,0.019253194332122,33.848209381103516,31.14899253845215,28.71095848083496,2017-07-11T04:41:36+00:00,0.8093644275868971,228.82322692871094,805.7550048828125,640.0,1787.0528198242187,0
222,0.95786768,0.95943415,2.7375121,3.4039669,0.019075145944952,33.01675033569336,30.468975067138672,27.69468116760254,2017-07-11T05:39:12+00:00,0.8042123147554691,229.78265380859375,809.158935546875,768.0,1721.7247721354167,0
223,0.95823473,0.95871186,2.7506082000000003,3.4023855,0.019460022449493002,33.01649856567383,30.552955627441406,28.933401107788086,2017-07-11T06:36:48+00:00,0.8084351993623291,230.74136352539062,812.5613403320312,640.0,1752.8558837890625,0
224,0.95828289,0.95910561,2.7481008,3.4028602,0.019305504858493,33.40135955810547,31.01892852783203,29.26476287841797,2017-07-11T07:34:24+00:00,0.807585571690544,231.70046997070312,815.9641723632812,768.0,1775.440051269531,0
225,0.95517695,0.95643646,2.7251084,3.393295799999999,0.019076706841588003,32.72026824951172,30.249826431274414,27.261228561401367,2017-07-11T08:32:00+00:00,0.8030860144877431,232.6569061279297,819.3574829101562,768.0,1713.2083414713543,0
226,0.9556694,0.95613605,2.7420959,3.394055399999999,0.019459709525108,32.76192092895508,30.493120193481445,28.493242263793945,2017-07-11T09:29:36+00:00,0.8079113558370321,233.61305236816406,822.7515258789062,768.0,1751.4182657877604,0
227,0.9551596,0.9559346999999999,2.739760399999999,3.3911881,0.019434731453657,33.554752349853516,30.917749404907227,29.27530288696289,2017-07-11T10:27:12+00:00,0.8079057602260391,234.56898498535156,826.1427001953125,768.0,1769.1703531901042,0
228,0.9534138400000001,0.95508879,2.7150552,3.3887777,0.019546413794159,32.473731994628906,30.301942825317383,27.750080108642578,2017-07-11T11:24:48+00:00,0.801190116424573,235.52407836914062,829.531494140625,768.0,1710.6859090169273,0
229,0.9535055800000001,0.95403773,2.7330556,3.3871946,0.019505878910422002,32.65963363647461,30.66701316833496,28.453807830810547,2017-07-11T12:22:24+00:00,0.8068788253264221,236.4781036376953,832.918701171875,768.0,1819.2515950520833,0
230,0.9524443100000001,0.95348859,2.7347612,3.3828082,0.019374890252947002,33.228206634521484,30.7182674407959,28.59649085998535,2017-07-11T13:22:08+00:00,0.8084292807378199,237.4315948486328,836.301513671875,768.0,1698.2357014973957,0
231,0.95050281,0.95202911,2.7069511,3.377502,0.020022025331854,32.772335052490234,30.344120025634766,27.55076026916504,2017-07-11T14:17:36+00:00,0.801465432144822,238.3836212158203,839.6790161132812,768.0,1775.0686075846354,0
232,0.95044768,0.95185095,2.7291768,3.3786337,0.019550116732716002,33.33012771606445,30.960594177246094,29.22740936279297,2017-07-11T15:17:20+00:00,0.807775285021279,239.33547973632812,843.0576171875,768.0,1775.1291341145834,0
233,0.95031464,0.95144141,2.7212498,3.3754542,0.019517380744218,33.95044708251953,31.276445388793945,29.655925750732422,2017-07-11T16:14:56+00:00,0.8061877420822351,240.28692626953125,846.43310546875,768.0,1787.374161783854,0
234,0.94830287,0.9497037500000001,2.6968131,3.3704982,0.020103888586163,32.72477722167969,30.132808685302734,27.434080123901367,2017-07-11T17:12:32+00:00,0.800122990719888,241.2366180419922,849.8035888671875,768.0,1705.712430826823,0
235,0.94886589,0.94963783,2.7111058,3.3711882,0.019657464697957,33.70692825317383,31.02528953552246,29.135194778442383,2017-07-11T18:10:08+00:00,0.804198887502038,242.18626403808594,853.1748046875,768.0,1834.315010579427,0
236,0.94710344,0.94853854,2.7146695,3.367123399999999,0.019310556352138002,32.67173385620117,30.729677200317383,27.7371826171875,2017-07-11T19:09:52+00:00,0.806228099629493,243.13479614257812,856.5419311523438,768.0,1755.5961832682292,0
237,0.9455114,0.9465732,2.6919382,3.3589203,0.020343534648418003,32.52106857299805,29.672134399414062,27.17038345336914,2017-07-11T20:07:28+00:00,0.8014296141530951,244.0813751220703,859.9008178710938,768.0,1701.9125244140628,0
238,0.94572961,0.94635946,2.7036781000000003,3.3589792000000003,0.019687056541442,33.48066711425781,30.92401885986328,29.151702880859375,2017-07-11T21:05:04+00:00,0.804910640708939,245.02772521972656,863.2598266601562,768.0,1766.1405721028646,0
239,0.94534314,0.94667375,2.698373799999999,3.360642399999999,0.019612606614828002,33.85605239868164,31.331647872924805,28.97347068786621,2017-07-11T22:02:40+00:00,0.8029339271563081,245.9744110107422,866.6204223632812,768.0,1782.4694091796875,0
240,0.94242066,0.94383198,2.6801908,3.3515692,0.020130552351474002,31.846195220947266,29.49299430847168,27.55405616760254,2017-07-11T23:00:16+00:00,0.7996823696792531,246.91824340820312,869.9720458984375,896.0,1690.0708902994793,0
241,0.94226426,0.94340247,2.6926348,3.3500581,0.019783645868301003,33.35655975341797,30.63050651550293,28.74711799621582,2017-07-11T23:57:52+00:00,0.8037576422928301,247.86163330078125,873.3220825195312,896.0,1755.6687459309896,0
242,0.94221753,0.94351244,2.6841614,3.349876399999999,0.019879924133419002,33.46503448486328,30.99497413635254,28.07518768310547,2017-07-12T00:55:28+00:00,0.801271772295837,248.80516052246094,876.6719360351562,768.0,1762.097078450521,0
243,0.9402703000000001,0.94155747,2.6738462,3.3453066,0.020308719947934,32.35923385620117,29.513696670532227,27.364107131958008,2017-07-12T01:53:04+00:00,0.7992828519813401,249.7467041015625,880.0172729492188,896.0,1756.1335001627604,0
244,0.93994278,0.94102591,2.6859581,3.341756799999999,0.019683282822370002,32.076908111572266,30.786184310913086,29.044639587402344,2017-07-12T02:52:48+00:00,0.8037563056653311,250.687744140625,883.3590087890625,768.0,1694.756522623698,0
245,0.93902576,0.93957102,2.6815562,3.335436299999999,0.019724206998944,34.038570404052734,30.748125076293945,27.684795379638672,2017-07-12T03:48:16+00:00,0.8039596498964771,251.62730407714844,886.6944580078125,896.0,1698.062731933594,0
246,0.93558657,0.93853819,2.6602411,3.3354785,0.020563082769513002,32.14204025268555,29.459197998046875,27.623355865478516,2017-07-12T04:43:44+00:00,0.7975590608663791,252.5658416748047,890.0299072265625,896.0,1694.1590087890627,0
247,0.93690032,0.93770164,2.6793165,3.330284399999999,0.019763192161917003,33.03508377075195,30.8819522857666,29.126174926757812,2017-07-12T05:41:20+00:00,0.8045308382671461,253.5035400390625,893.3602294921875,768.0,1704.9110392252605,0
248,0.93688542,0.93790913,2.6670556,3.3301401,0.020084738731384003,35.093467712402344,31.146255493164062,28.2733211517334,2017-07-12T06:36:48+00:00,0.800883902752319,254.4414520263672,896.6903686523438,768.0,1781.439697265625,0
249,0.93437946,0.9362087800000001,2.657331499999999,3.3264275,0.020494587719440002,32.208248138427734,29.75787925720215,27.472187042236328,2017-07-12T07:34:24+00:00,0.7988544767622321,255.37767028808594,900.0167846679688,768.0,1704.0377766927086,0
250,0.93355066,0.80456185,2.6792822,2.8641731999999998,0.020787838846445,31.657997131347656,30.377655029296875,28.12480926513672,2017-07-12T08:32:00+00:00,0.9354469904264161,256.1822204589844,902.8809814453125,,15791.879374186197,-128
251,0.934105099999999,0.9340614700000001,2.6728368,3.3141406,0.019771732389926,34.203590393066406,30.37643051147461,27.37869644165039,2017-07-12T17:38:08+00:00,0.806494691263249,257.1163024902344,906.195068359375,768.0,1683.498673502604,0
252,0.93250823,0.9339346900000001,2.6565654,3.3156681,0.019929006695747,33.060035705566406,30.389347076416016,27.490203857421875,2017-07-12T18:33:36+00:00,0.8012157187868101,258.05023193359375,909.5107421875,768.0,1705.8697306315107,0
253,0.93303907,0.93353707,2.6695602000000003,3.315140699999999,0.019949736073613,33.39573287963867,30.49565887451172,28.704010009765625,2017-07-12T19:31:12+00:00,0.8052630164384881,258.9837646484375,912.825927734375,768.0,1751.1293863932292,0
254,0.93211496,0.9331737800000001,2.670897499999999,3.312219399999999,0.01957207545638,32.49403762817383,31.05451202392578,28.883607864379883,2017-07-12T20:28:48+00:00,0.8063769869834101,259.91693115234375,916.1381225585938,768.0,1707.3390665690106,0
255,0.9297220700000001,0.93107367,2.6452544,3.3035131,0.019800907000899003,31.196943283081055,29.80192756652832,27.047285079956055,2017-07-12T21:24:16+00:00,0.800739794251156,260.8480224609375,919.441650390625,768.0,1639.273885091146,0
256,0.9300357100000001,0.93066061,2.6609056,3.3057528,0.019972115755081003,32.921142578125,30.218229293823242,28.294851303100586,2017-07-12T22:19:44+00:00,0.8049318146232831,261.7786560058594,922.7473754882812,768.0,1674.2817952473956,0
257,0.93001413,0.9309285900000001,2.6526136,3.3041346,0.020078357309103,34.305179595947266,30.926843643188477,28.113391876220703,2017-07-12T23:15:12+00:00,0.802816447005518,262.7095947265625,926.051513671875,768.0,1698.5590698242186,0
258,0.9285016700000001,0.93024081,2.6376972,3.3047051,0.020023696124553,32.8388671875,30.1901912689209,27.280792236328125,2017-07-13T00:10:40+00:00,0.7981641690207091,263.63983154296875,929.3562622070312,768.0,1703.4722574869793,0
259,0.92850721,0.9292018999999999,2.6525197,3.301408099999999,0.020083338022232,32.624820709228516,30.519731521606445,28.505765914916992,2017-07-13T01:08:16+00:00,0.8034510183700101,264.56903076171875,932.6576538085938,768.0,1750.1691853841144,0
260,0.92739296,0.92836666,2.6532619,3.2965517,0.019853623583912003,32.375343322753906,30.728628158569336,29.028743743896484,2017-07-13T02:05:52+00:00,0.804859787274077,265.4974060058594,935.9541625976562,768.0,1695.1242960611978,0
261,0.92572701,0.92740685,2.6275939999999993,3.292329799999999,0.020010067149996,31.555641174316406,30.08476448059082,26.83467674255371,2017-07-13T03:01:20+00:00,0.7980956221336021,266.4248046875,939.2465209960938,768.0,1584.0991658528646,0
262,0.92544132,0.9262329300000001,2.6425169,3.2918875,0.020276786759495003,32.82607650756836,30.05935287475586,28.417129516601562,2017-07-13T03:54:40+00:00,0.8027360898572621,267.3510437011719,942.5383911132812,896.0,1730.0793090820312,0
263,0.9256933900000001,0.9266207200000001,2.6411462,3.2909634,0.020170804113149,33.77301788330078,30.982114791870117,28.559480667114258,2017-07-13T04:52:16+00:00,0.8025449933596951,268.2776794433594,945.829345703125,768.0,1704.0497273763021,0
264,0.92184871,0.92465919,2.6173387,3.2855649,0.020005268976092002,33.00383758544922,30.39969253540039,27.78607177734375,2017-07-13T05:47:44+00:00,0.7966175618688891,269.20233154296875,949.1149291992188,896.0,1650.5541381835938,0
265,0.9234036800000001,0.92408967,2.632628,3.2851748,0.020457260310649,33.02562713623047,30.514623641967773,28.206661224365234,2017-07-13T06:43:12+00:00,0.8013661860550001,270.12640380859375,952.4000854492188,896.0,1744.5136678059896,0
266,0.92246103,0.9236893700000001,2.6369401999999997,3.282082299999999,0.020034892484545,32.10993194580078,30.87664794921875,28.77764129638672,2017-07-13T07:40:48+00:00,0.8034351240978931,271.05010986328125,955.6821899414062,768.0,1699.6460327148438,0
267,0.9209219200000001,0.92256308,2.6142244,3.2766674,0.020189786329865,31.79482078552246,29.90359878540039,27.171613693237305,2017-07-13T08:36:16+00:00,0.7978302588782731,271.97265625,958.9588623046875,896.0,1718.1364827473958,0
268,0.92025268,0.92080516,2.6231515,3.2739200999999998,0.020650496706366,33.2574577331543,30.046558380126953,28.49490737915039,2017-07-13T09:33:52+00:00,0.801226486865088,272.8934631347656,962.2327880859375,896.0,1668.197399902344,0
269,0.91952604,0.92082441,2.619589799999999,3.271781,0.020531546324491,33.45229721069336,30.932992935180664,29.028968811035156,2017-07-13T10:29:20+00:00,0.8006617191065041,273.8143005371094,965.5045776367188,896.0,1765.8636433919273,0
270,0.91798753,0.9197300700000001,2.5996144,3.268852,0.020223077386617,32.239166259765625,30.20770835876465,27.520151138305664,2017-07-13T11:26:56+00:00,0.7952683082623501,274.7340393066406,968.7734375,896.0,1647.643212890625,0
271,0.91748142,0.9180423600000001,2.613248299999999,3.2647676,0.020678607746958,32.638282775878906,30.232219696044922,28.238344192504883,2017-07-13T12:22:24+00:00,0.800439302325837,275.6520690917969,972.0382080078125,896.0,1737.2309326171876,0
272,0.91647512,0.91777819,2.615192399999999,3.2613077,0.02020831592381,32.94507598876953,30.848325729370117,28.62860679626465,2017-07-13T13:20:00+00:00,0.8018845937168081,276.5698547363281,975.2994995117188,896.0,1697.5847208658854,0
273,0.9148213900000001,0.9166409400000001,2.5921175,3.2572603,0.020636459812521,32.63738250732422,30.53326988220215,27.68596839904785,2017-07-13T14:15:28+00:00,0.7957968541844811,277.4864807128906,978.5567626953125,896.0,1664.7488728841145,0
274,0.91458839,0.9155557200000001,2.6026142,3.256861,0.020870039239525,33.02459716796875,30.13621711730957,28.22842025756836,2017-07-13T15:10:56+00:00,0.7991173709900421,278.40203857421875,981.8135986328125,896.0,1733.1808064778647,0
275,0.91355968,0.91481745,2.6014705,3.251717799999999,0.020472899079322003,33.150665283203125,31.106571197509766,29.69953155517578,2017-07-13T16:08:32+00:00,0.800029602814856,279.3168640136719,985.0653076171875,896.0,1713.9369099934897,0
276,0.9116797400000001,0.91403687,2.5813158,3.2492926,0.020146928727626003,32.475624084472656,30.47081184387207,27.569604873657227,2017-07-13T17:04:00+00:00,0.7944239309196099,280.23089599609375,988.3146362304688,1024.0,1730.5778686523438,0
277,0.91124421,0.91232669,2.5909781,3.245788799999999,0.020873332396149,33.025238037109375,30.202463150024414,28.06525230407715,2017-07-13T18:01:36+00:00,0.7982583771316231,281.1432189941406,991.5604248046875,896.0,1744.4780517578129,0
278,0.9099838100000001,0.9113912000000001,2.5934082999999992,3.240243399999999,0.020480167120695003,32.90625,31.06300926208496,29.422510147094727,2017-07-13T18:59:12+00:00,0.8003745335921361,282.05462646484375,994.8006591796875,896.0,1711.8044311523438,0
279,0.90890223,0.91058964,2.5740175,3.2370479,0.020565720275044,32.39893341064453,30.666202545166016,27.93507957458496,2017-07-13T19:54:40+00:00,0.7951743624183011,282.9652099609375,998.0377197265625,896.0,1680.6758829752603,0
280,0.90774411,0.90884423,2.5780282,3.2342717999999993,0.021133229136466,33.41887283325195,30.249269485473633,28.073593139648438,2017-07-13T20:50:08+00:00,0.7970969539418421,283.8740539550781,1001.27197265625,1024.0,1740.8787882486981,0
281,0.90637672,0.90825528,2.5810676,3.2308376,0.020803762599825002,32.730342864990234,30.95878791809082,28.410587310791016,2017-07-13T21:47:44+00:00,0.798884970262819,284.7823181152344,1004.5028076171875,896.0,1703.8907552083335,0
282,0.90462935,0.90638584,2.5563192,3.222917299999999,0.020578870549798,32.16633987426758,29.852691650390625,26.905319213867188,2017-07-13T22:43:12+00:00,0.7931693438115831,285.6886901855469,1007.7257080078125,1024.0,1651.2202677408854,0
283,0.90301287,0.90555573,2.5663979,3.2229445,0.021116435527801,33.45436096191406,30.209070205688477,28.253530502319336,2017-07-13T23:38:40+00:00,0.7962898213109161,286.59423828125,1010.9486694335938,1024.0,1745.5827067057294,0
284,0.9030292,0.90454906,2.5665183,3.2172406000000002,0.020864579826593,33.44851303100586,31.036388397216797,29.470014572143555,2017-07-14T00:36:16+00:00,0.7977390003097681,287.4988098144531,1014.1658935546875,1024.0,1712.1469604492188,0
285,0.90124959,0.9035597400000001,2.5473194,3.2138565,0.02095310203731,32.08270263671875,30.468355178833008,27.788536071777344,2017-07-14T01:31:44+00:00,0.7926052081043441,288.40234375,1017.3797607421875,1024.0,1730.2756917317708,0
286,0.90012479,0.90134013,2.5524251,3.2086985,0.021476974710822,32.94818115234375,30.044696807861328,27.718992233276367,2017-07-14T02:29:20+00:00,0.7954705311203281,289.3037109375,1020.5884399414062,1024.0,1669.2855794270833,0
287,0.89894998,0.90085864,2.5559297,3.2048721000000002,0.020989831537008,31.883934020996094,30.74343490600586,28.423551559448242,2017-07-14T03:24:48+00:00,0.797513791580013,290.2045593261719,1023.7933349609375,1024.0,1759.0295369466148,0
288,0.89711279,0.89893681,2.532366299999999,3.1970446,0.020905958488583003,32.19218826293945,30.11954116821289,27.33024787902832,2017-07-14T04:22:24+00:00,0.7920960189294821,291.1034851074219,1026.9903564453125,1024.0,1658.5956461588544,0
289,0.89616942,0.89761394,2.5389009,3.195342499999999,0.021451205015182002,33.39728927612305,30.176803588867188,28.39737892150879,2017-07-14T05:17:52+00:00,0.7945629928560081,292.0010986328125,1030.1856689453125,1024.0,1672.2031331380208,0
290,0.89483863,0.89672977,2.5380061,3.1905999,0.021219428628683,32.94038772583008,31.29383087158203,29.3552188873291,2017-07-14T06:13:20+00:00,0.7954636054492441,292.8978271484375,1033.3763427734375,1152.0,1718.9161173502603,0
291,0.89269882,0.89515549,2.5218401,3.185255799999999,0.021015956997871,32.18022918701172,30.09200096130371,27.591190338134766,2017-07-14T07:08:48+00:00,0.7917229441980761,293.7929992675781,1036.5615234375,1152.0,1656.029178873698,0
292,0.89175105,0.8930306999999991,2.5231977,3.1798735000000002,0.021592970937490002,32.31779861450195,29.992725372314453,27.885948181152344,2017-07-14T08:04:16+00:00,0.7934899611572591,294.68603515625,1039.741455078125,1280.0,1724.6977376302084,0
293,0.8904291400000001,0.8912677800000001,2.5230905999999997,3.1723063,0.021457184106111003,32.05571746826172,30.499618530273438,28.895326614379883,2017-07-14T09:01:52+00:00,0.795348986319511,295.5773010253906,1042.913818359375,1152.0,1687.1851521809895,0
294,0.8884637400000001,0.8907063000000001,2.5073552,3.1696975,0.021265186369419,31.011844635009766,30.072256088256836,28.085830688476562,2017-07-14T09:57:20+00:00,0.791039271097636,296.4679870605469,1046.08349609375,1280.0,1660.5024617513022,0
295,0.8874196999999999,0.88893849,2.5109763,3.1653802,0.021733360365033,32.891422271728516,29.847143173217773,28.000646591186523,2017-07-14T10:52:48+00:00,0.793262149046108,297.35693359375,1049.2489013671875,1280.0,1726.8133544921875,0
296,0.88507932,0.88815647,2.5065057,3.1610916,0.021436143666505002,32.857208251953125,30.979158401489258,29.557090759277344,2017-07-14T11:50:24+00:00,0.792924096220432,298.2450866699219,1052.409912109375,1280.0,1709.9315185546875,0
297,0.88405234,0.88662452,2.5047557,3.1556242,0.021723553538322,31.831201553344727,30.414535522460938,28.171571731567383,2017-07-14T12:45:52+00:00,0.7937433424423601,299.1317138671875,1055.5655517578125,1408.0,1671.3146525065106,0
298,0.88194555,0.88411933,2.4928317,3.1485198,0.021946776658296002,33.116519927978516,29.83734703063965,28.280738830566406,2017-07-14T13:41:20+00:00,0.7917471886313051,300.0158386230469,1058.714111328125,1792.0,1724.5446614583332,0
299,0.88159466,0.88369632,2.4966185,3.145569799999999,0.021479273214936003,33.775726318359375,30.979846954345703,29.300355911254883,2017-07-14T14:38:56+00:00,0.7936935622919571,300.8995361328125,1061.859619140625,1664.0,1712.873400878906,0
300,0.8794789900000001,0.88235939,2.4846139,3.1409464,0.021385304629802003,32.38240051269531,30.782718658447266,28.361921310424805,2017-07-14T15:34:24+00:00,0.7910398916708671,301.7818908691406,1065.0006103515625,1792.0,1753.0982869466147,0
301,0.87744159,0.87961644,2.4734795,3.1328704,0.022039292380213002,32.712467193603516,29.667585372924805,27.631044387817383,2017-07-14T16:32:00+00:00,0.789524999182858,302.6614990234375,1068.1334228515625,,1714.5716837565105,0
302,0.87561047,0.87833488,2.4761069,3.1275299,0.021888824179768,32.127376556396484,30.712963104248047,28.443918228149414,2017-07-14T17:29:36+00:00,0.791713262277684,303.53985595703125,1071.260986328125,,1696.1872436523436,0
303,0.873329999999999,0.87579292,2.4625854,3.1173484,0.021779578179121,31.58809471130371,29.9591007232666,27.54864501953125,2017-07-14T18:25:04+00:00,0.789961558355171,304.4156494140625,1074.3782958984375,,1657.1986328125001,0
304,0.87144965,0.87367839,2.4545374,3.1121418,0.022100526839494,32.61146926879883,29.708755493164062,28.106651306152344,2017-07-14T19:20:32+00:00,0.7886971602643551,305.289306640625,1077.490478515625,,1715.2651123046876,0
305,0.8685691400000001,0.87078124,2.4503736,3.1002486,0.021554488688707,33.223812103271484,30.79631233215332,29.11574935913086,2017-07-14T20:18:08+00:00,0.790379713420401,306.16009521484375,1080.5906982421875,,1574.760526529948,0
306,0.86746192,0.87051332,2.4523637000000003,3.1000407,0.022016476839780003,32.528995513916016,30.660512924194336,28.265308380126953,2017-07-14T21:09:20+00:00,0.7910746784711561,307.0306091308594,1083.6907958984375,,1680.7767985026042,0
307,0.86499023,0.86734831,2.4373336,3.0898526,0.022198693826794003,32.712188720703125,29.709388732910156,28.00783920288086,2017-07-14T22:04:48+00:00,0.7888187287639541,307.89794921875,1086.7806396484375,,1655.225614420573,0
308,0.86397094,0.86656517,2.436401799999999,3.085587,0.021514778956770002,33.62199783325195,30.87274169921875,29.13251495361328,2017-07-14T23:00:16+00:00,0.7896072287055911,308.7645263671875,1089.8662109375,,1708.3782185872399,0
309,0.86160529,0.8648233999999999,2.4313922,3.079821099999999,0.021584022790193003,32.714866638183594,30.934059143066406,27.68099594116211,2017-07-14T23:55:44+00:00,0.789458907207305,309.62933349609375,1092.946044921875,,1699.4557373046875,0
310,0.8589453100000001,0.86134171,2.411459,3.0688739,0.021952092647552,32.7011833190918,29.50765037536621,27.45366668701172,2017-07-15T00:51:12+00:00,0.785779761103902,310.4906921386719,1096.014892578125,,1702.5671752929686,0
311,0.8567161600000001,0.85952795,2.414266799999999,3.062072,0.02217586711049,31.967815399169922,30.19322967529297,27.685129165649414,2017-07-15T01:48:48+00:00,0.7884422051473641,311.3502197265625,1099.0770263671875,,1671.9822713216147,0
312,0.85361493,0.8571409600000001,2.4044466,3.0525279,0.022370461374521002,33.166202545166016,29.946243286132812,27.250839233398438,2017-07-15T02:44:16+00:00,0.7876902943294961,312.2073669433594,1102.1295166015625,,1596.0223592122397,0
313,0.85291821,0.8555297900000001,2.395941,3.0482416,0.022447945550084003,32.582008361816406,29.55232048034668,27.879369735717773,2017-07-15T03:37:36+00:00,0.786007578926814,313.0628967285156,1105.177734375,,1703.8116821289063,0
314,0.85139632,0.85387683,2.397584,3.0408125,0.021792607381939003,33.56121063232422,30.840280532836914,29.274320602416992,2017-07-15T04:35:12+00:00,0.788468213676443,313.916748046875,1108.218505859375,,1706.8495076497395,0
315,0.84883791,0.85189837,2.3955462,3.0339952,0.021995676681399002,32.28281784057617,30.920475006103516,28.72003746032715,2017-07-15T05:30:40+00:00,0.7895682234434651,314.7686462402344,1111.2525634765625,,1703.7185017903646,0
316,0.84587556,0.84850568,2.371246799999999,3.0221534,0.022689193487167,31.335756301879883,29.41238784790039,27.586156845092773,2017-07-15T06:26:08+00:00,0.7846215880371921,315.6171569824219,1114.274658203125,,1631.4987630208334,0
317,0.8447724,0.84699851,2.3787637,3.0173407,0.022211523726582003,32.379722595214844,30.44074821472168,28.60233497619629,2017-07-15T07:21:36+00:00,0.7883643037062401,316.46417236328125,1117.2919921875,,1684.9556681315105,0
318,0.84295928,0.84556204,2.3658717,3.011156299999999,0.021772088482975002,33.95096206665039,30.649736404418945,28.086341857910156,2017-07-15T08:17:04+00:00,0.785702057379087,317.3097229003906,1120.30322265625,,1627.8529378255207,0
319,0.84015208,0.8427667,2.349950299999999,3.0027833,0.022786680608987003,31.739404678344727,29.313987731933594,27.395933151245117,2017-07-15T09:10:24+00:00,0.782590705096834,318.1524963378906,1123.3060302734375,,1684.7994344075519,0
320,0.83826655,0.84135252,2.3593721,2.9973213999999997,0.022379230707883002,31.94220733642578,30.53114128112793,28.27031135559082,2017-07-15T10:08:00+00:00,0.7871601957667931,318.99383544921875,1126.3033447265625,,1685.9568806966147,0
321,0.83655936,0.8387107300000001,2.3440602,2.9866986,0.022016486153006002,33.94482421875,30.188379287719727,27.53616714477539,2017-07-15T11:03:28+00:00,0.7848331934129541,319.8325500488281,1129.2900390625,,1609.2321533203126,0
322,0.83391613,0.83685857,2.3306923,2.9814997,0.022588739171624003,32.042598724365234,29.554054260253906,27.568248748779297,2017-07-15T11:56:48+00:00,0.781718106495197,320.6694030761719,1132.271484375,,1626.3117146809896,0
323,0.83245534,0.83508956,2.3392527,2.9752438,0.022042296826839003,32.374080657958984,30.539649963378906,28.827686309814453,2017-07-15T12:52:16+00:00,0.786238996616008,321.5045166015625,1135.2467041015625,,1688.169120279948,0
324,0.830227199999999,0.8328898,2.3370285,2.9668832,0.022492902353405002,33.1070442199707,30.43365478515625,28.059120178222656,2017-07-15T13:47:44+00:00,0.787704922121639,322.33740234375,1138.213623046875,,1681.9463216145837,0
325,0.82770199,0.83031422,2.3138146,2.9574029,0.022714873775839,32.56550598144531,30.075197219848633,27.55670928955078,2017-07-15T14:43:12+00:00,0.7823805812863711,323.1676940917969,1141.1710205078125,,1585.9323649088542,0
326,0.8264912999999999,0.82896769,2.3182557,2.9535015,0.022108966484665003,33.60221862792969,30.371265411376953,28.848445892333984,2017-07-15T15:36:32+00:00,0.784917732393228,323.9966735839844,1144.12451171875,,1686.1597127278646,0
327,0.82398337,0.82737416,2.3144765,2.9474888,0.022295707836747003,32.27416229248047,30.742284774780273,28.663639068603516,2017-07-15T16:32:00+00:00,0.785236741187956,324.82403564453125,1147.072021484375,,1562.6909912109377,0
